{"cameraMode":{"drawMode":0,"name":"Shaded","section":"Shading Mode"},"sceneLighting":false,"audioPlay":false,"sceneViewState":{"m_AlwaysRefresh":false,"showFog":true,"showSkybox":false,"showFlares":true,"showImageEffects":true,"showParticleSystems":true,"showVisualEffectGraphs":true,"m_FxEnabled":true},"in2DMode":false,"pivot":{"x":-0.11138534545898438,"y":3.6696696281433107,"z":-0.14702141284942628},"rotation":{"x":-0.0017301141051575542,"y":-0.7658600211143494,"z":-0.0020602212753146888,"w":0.6430100798606873},"size":4.244810104370117,"orthographic":false}