{"cameraMode":{"drawMode":0,"name":"Shaded","section":"Shading Mode"},"sceneLighting":true,"audioPlay":false,"sceneViewState":{"m_AlwaysRefresh":false,"showFog":true,"showSkybox":true,"showFlares":true,"showImageEffects":true,"showParticleSystems":true,"showVisualEffectGraphs":true,"m_FxEnabled":true},"in2DMode":false,"pivot":{"x":54.73278045654297,"y":0.7059025764465332,"z":117.92149353027344},"rotation":{"x":0.1690189689397812,"y":0.012817895039916039,"z":-0.001668701646849513,"w":0.9857366681098938},"size":8.844491958618164,"orthographic":false}