{"cameraMode":{"drawMode":0,"name":"Shaded","section":"Shading Mode"},"sceneLighting":true,"audioPlay":false,"sceneViewState":{"m_AlwaysRefresh":false,"showFog":true,"showSkybox":true,"showFlares":true,"showImageEffects":true,"showParticleSystems":true,"showVisualEffectGraphs":true,"m_FxEnabled":true},"in2DMode":false,"pivot":{"x":-0.35395240783691409,"y":1.4500733613967896,"z":13.307703018188477},"rotation":{"x":0.09400075674057007,"y":0.28220146894454958,"z":-0.030933639034628869,"w":0.9549395442008972},"size":4.612640857696533,"orthographic":false}