{"cameraMode":{"drawMode":0,"name":"Shaded","section":"Shading Mode"},"sceneLighting":false,"audioPlay":false,"sceneViewState":{"m_AlwaysRefresh":false,"showFog":true,"showSkybox":false,"showFlares":true,"showImageEffects":true,"showParticleSystems":true,"showVisualEffectGraphs":true,"m_FxEnabled":true},"in2DMode":false,"pivot":{"x":0.9950714111328125,"y":0.8192963600158691,"z":1.0008502006530762},"rotation":{"x":0.05551246553659439,"y":0.8871614336967468,"z":-0.44533365964889529,"w":0.10910961031913758},"size":1.2162493467330933,"orthographic":false}